event_id,prob_12h,prob_24h,prob_48h,prob_72h
10662602,0.010412429960631853,0.019785517992325197,0.023726874681408994,0.045264859508434174
13353600,0.37219034303426735,0.5888421730225766,0.6562937081320401,0.8725625914571407
13942327,0.05206464393904464,0.09704646435334052,0.11544070557681685,0.21071239067754466
16112781,0.41177259867958027,0.6369131627231075,0.7039925178884229,0.9044715030964735
17132808,0.11645645161179619,0.21052717174288693,0.24727042563379187,0.4218583310902493
17445696,0.0073706960015883505,0.014025137909991381,0.016828878407727066,0.032209350808300674
17599982,0.004006221777349439,0.0076348383571405165,0.009167049541641492,0.017608095421947523
18750374,0.35349594739088464,0.5651511896493657,0.6323602965651121,0.8548919015490866
21365245,0.018606339565228724,0.03522299814187213,0.04217271611752804,0.07975669970508314
23634840,0.8412561951107485,0.9702181302773597,0.9853350666704858,0.9997097850265387
24461897,0.1955622590940459,0.33996951756772387,0.39300423545795815,0.6182658073651155
25353357,0.007507812203014441,0.01428515200808278,0.017140418120626055,0.03280082834519704
27052376,0.9999999999999998,1.0,1.0,1.0
29312582,0.017653646303984027,0.033434102331667104,0.04003824033435577,0.07579672462839226
30451420,0.1056072927191406,0.1919157888175579,0.22589721826878262,0.38977434470618433
31488932,0.0021673664259284076,0.004133908255307017,0.0049652876044185,0.009556039338674771
33717208,0.0073629831278227975,0.014010510980967172,0.016811352445601724,0.03217607150434909
34826241,0.02958702482061082,0.05572774040543005,0.06658129976941285,0.12445796669861509
35311039,0.8140602268738724,0.9597219143166122,0.9789218795204767,0.9994156942221178
36423390,0.14891937163791868,0.2649811720972496,0.3092157436376285,0.5101213320702964
37196135,0.5025107192108746,0.7363106837312892,0.7984527015006875,0.9544875603895262
37355453,0.0031088836734054492,0.005927162347735049,0.007117896010776392,0.013685149856178858
37536067,0.5351905946357467,0.7683919674789518,0.8275435749713481,0.9663069623049656
39717591,0.006725715992619841,0.012801621168143207,0.01536268153914766,0.02942334648063738
40833127,0.05604639803689193,0.10427395515282045,0.12394155986336097,0.22527918093599708
41907240,0.3831785871484116,0.6024721219441219,0.6699386334353157,0.8821417167469111
42963675,0.0038313038015993506,0.007302071055529602,0.0087677957496054,0.016844345594490218
42997746,0.1466828847722339,0.2612891080184311,0.3050441926876166,0.5043986914239129
43341281,0.058862869236025905,0.1093695744640143,0.12992664234494877,0.2354566109177093
43371713,0.5984515959848995,0.8248350084167091,0.8767133399742197,0.9823656264283073
44872967,0.360786663195378,0.5744657176508952,0.6418023308672212,0.8619951305705732
46574754,0.22988179578678092,0.392686738666678,0.450780615952425,0.6852506343191054
46767506,0.46255487449603094,0.694403955183138,0.7593717749958412,0.9359372031974188
49169401,0.0038382330367275896,0.007315254375615088,0.008783613593933759,0.0168746096703688
49502022,0.1200176791986769,0.21659130852431552,0.25421264720845216,0.43209987147943263
49565135,0.8769702515500113,0.9816926085389799,0.9918276203783323,0.9999060534015775
50233410,0.2706552136851177,0.4525955618599159,0.5152165992780551,0.752590894627121
50541231,0.08254609085725884,0.1516696554282715,0.17934098837114187,0.31700375384949764
51664538,0.008707844879750848,0.016559385883107347,0.019864618276952628,0.03796547210196832
52004768,0.00980407278796569,0.018634708282086687,0.02234944349485024,0.04266468514722499
52039660,0.027119233122454012,0.05113779481649772,0.06112668508971364,0.11456154589443857
52614032,0.003225658668759901,0.006149469716282607,0.007384697553587727,0.01419634706587447
53407288,0.04852832207667057,0.09060431263430457,0.10785197847117933,0.1975982257981982
53799231,0.0022054379014062597,0.00420645067933334,0.005052382149473789,0.009723264427339284
54348573,0.003987709938357176,0.007599623594630289,0.009124800190552063,0.017527288336942726
54459140,0.10621259462792154,0.19295960354244857,0.22709857959123714,0.39159987371366134
54759639,0.08934822695391997,0.16363750421505607,0.19323277891955293,0.33913065061981684
54801108,0.6340580981046529,0.853291107050927,0.9003670897008901,0.98830769333366
55504460,0.46625738661050287,0.6984108151507397,0.7631578688530137,0.9378673937738715
58802003,0.014930535256129196,0.0283121475666952,0.03392242160970993,0.06440504478101683
58854430,0.015033946344971794,0.02850689105566817,0.03415507221947833,0.0648396229849807
59191113,0.0015851583519607138,0.003024239666205908,0.0036328584127980346,0.006996025448492982
59221605,0.6836779543253599,0.8889200451803402,0.9286780877080612,0.9938645621500014
60804856,0.868213243396243,0.9791243991512679,0.9904312426698713,0.9998726402001903
61713947,0.0046289996071104955,0.008819191456544195,0.010587815873788875,0.020323622127173202
62129708,0.870146757475104,0.9797052485148899,0.9907502611582516,0.9998807041043035
66849621,0.9155536489828205,0.991075095095555,0.9965531876322987,0.9999822322545638
67124529,0.004901086356523754,0.009336414619798616,0.011208176578555107,0.021508189092377283
69348035,0.0031552343954549533,0.006015404166618499,0.007223800613403442,0.013888080515881529
69572379,0.0027054413020322077,0.005158937183280088,0.006195820210803116,0.011917451013994107
69836438,0.0063266343989287765,0.012044207908477156,0.014454854450272392,0.027696399117081993
70283101,0.9182915576867569,0.9916194009713655,0.9968042021060043,0.9999846437011656
70501603,0.9671540425063765,0.9985289303068107,0.9996050065342451,0.9999997278815821
70993222,0.004521608223742368,0.0086150104762307,0.01034290195553711,0.019855773625426232
71474230,0.48075529429296193,0.7138578489739661,0.777658051653742,0.9449962860632634
71532972,0.012146133271741633,0.023061581074957704,0.027646285564037476,0.052644889071909895
72973561,0.060883266714124584,0.11301639172800548,0.13420579365856444,0.24269341747159423
73023698,0.004044605525031608,0.007707853223870242,0.009254649076717025,0.017775630117647934
74751606,0.04102979057869671,0.07687203025860634,0.09163949661362758,0.16923275622634382
74945408,0.9288260638807343,0.9935609042297573,0.9976716169500656,0.9999916632173182
75012237,0.9948941922427461,0.9999579095018,0.9999944797269754,0.9999999999280315
75726601,0.008974060649120541,0.017063563856593467,0.02046837800528467,0.039108300197009505
78173856,0.0074891733085252765,0.014249808902735195,0.017098072232419992,0.03272044226731996
78227688,0.1959019015884883,0.3405014627194086,0.3935920198148838,0.6189785528737468
78266693,0.03740674767420937,0.07020193381510764,0.08374710090329973,0.15525249334240576
78502343,0.010807675608679568,0.020532846864777632,0.02462119559887721,0.046951243926208086
78780565,0.005791981284110959,0.011029061162896925,0.013237890811254927,0.025379066045364884
80446138,0.005444884818468498,0.01036976275354462,0.012447385237332687,0.02387236792411318
80819726,0.00717111362332401,0.01364661054192251,0.01637531066964748,0.031347912897642605
81010506,0.004733414057310648,0.009017693252973413,0.010825907892368924,0.020778335924826363
81611002,0.028700826804341273,0.05408068459629356,0.06462457971305668,0.12091401064300311
81715663,0.40031588761896486,0.6232921912753384,0.6905991971567693,0.8959585802924924
82779392,0.00477187804564938,0.009090812179504248,0.010913607611642728,0.020945801312309054
83261710,0.03751317278856359,0.0703981906397868,0.0839794853426129,0.15566573480891055
84903193,0.041760044231004545,0.07821367274145119,0.09322561014806063,0.1720287708849122
87245976,0.009112312250151855,0.01732534579769973,0.020781840686385,0.039701380804503916
87273546,0.3924590287376203,0.6138131215089415,0.6812205481187235,0.889789368854482
89909836,0.031512549974964776,0.059301740184248275,0.07082488255791086,0.13212013057997862
91234126,0.33093157503621606,0.5357153345312967,0.6022560624856947,0.8311007369470016
93027270,0.3582404021092672,0.5712235611941996,0.6385204733472806,0.8595456622158579
94627327,0.15044816358298452,0.2674998809816821,0.3120591344183419,0.5140036210680244
96570675,0.03833779123623271,0.07191818741540768,0.08577895313895278,0.15886237136089754
97225766,0.008377398678203085,0.015933392576108596,0.01911489624607232,0.03654544835814988
98446281,0.022422298615010217,0.0423724967681155,0.05069538170562071,0.0954866829080917
99649465,0.010059632694186194,0.019118221070304475,0.02292821100515141,0.04375763840448477
